parliament,n_migration_country_mentions,n_speeches,n_speakers,n_targets,mean_concreteness,mean_sentiment,high_concreteness_mentions,top_targets,policy_agency_distribution,migration_direction_distribution,migrant_cohort_distribution,policy_measure_distribution,narrative_frame_distribution,yearly_peak_distribution
AUT,8995,1676,254,124,3.258,1.7178,8995,"[{""value"": ""DEU"", ""count"": 450, ""share"": 0.05}, {""value"": ""TUR"", ""count"": 371, ""share"": 0.0412}, {""value"": ""SYR"", ""count"": 287, ""share"": 0.0319}, {""value"": ""GRC"", ""count"": 263, ""share"": 0.0292}, {""value"": ""AFG"", ""count"": 202, ""share"": 0.0225}, {""value"": ""HUN"", ""count"": 199, ""share"": 0.0221}, {""value"": ""ITA"", ""count"": 179, ""share"": 0.0199}, {""value"": ""UKR"", ""count"": 177, ""share"": 0.0197}]","[{""value"": ""neutral_reporting"", ""count"": 5800, ""share"": 0.6448}, {""value"": ""learning_emulation_from"", ""count"": 1225, ""share"": 0.1362}, {""value"": ""exchange_cooperation"", ""count"": 936, ""share"": 0.1041}, {""value"": ""coercion_intervention_to"", ""count"": 908, ""share"": 0.1009}, {""value"": ""competition"", ""count"": 126, ""share"": 0.014}]","[{""value"": ""external_transnational"", ""count"": 7489, ""share"": 0.8326}, {""value"": ""ambiguous"", ""count"": 926, ""share"": 0.1029}, {""value"": ""inbound_internal"", ""count"": 579, ""share"": 0.0644}, {""value"": ""outbound_from_domestic"", ""count"": 1, ""share"": 0.0001}]","[{""value"": ""general_migration"", ""count"": 5759, ""share"": 0.6402}, {""value"": ""refugees"", ""count"": 2715, ""share"": 0.3018}, {""value"": ""asylum_seekers"", ""count"": 364, ""share"": 0.0405}, {""value"": ""economic_migrants"", ""count"": 137, ""share"": 0.0152}, {""value"": ""students"", ""count"": 18, ""share"": 0.002}, {""value"": ""high_skilled_workers"", ""count"": 2, ""share"": 0.0002}]","[{""value"": ""general_policy"", ""count"": 4756, ""share"": 0.5287}, {""value"": ""border_control"", ""count"": 1621, ""share"": 0.1802}, {""value"": ""national_security"", ""count"": 1014, ""share"": 0.1127}, {""value"": ""international_law"", ""count"": 409, ""share"": 0.0455}, {""value"": ""returns_deportation"", ""count"": 306, ""share"": 0.034}, {""value"": ""integration"", ""count"": 305, ""share"": 0.0339}, {""value"": ""asylum_procedure"", ""count"": 297, ""share"": 0.033}, {""value"": ""allocation_of_resources"", ""count"": 234, ""share"": 0.026}]","[{""value"": ""neutral_reporting"", ""count"": 1216, ""share"": 0.1352}, {""value"": ""humanitarian_obligation"", ""count"": 990, ""share"": 0.1101}, {""value"": ""national_identity"", ""count"": 837, ""share"": 0.0931}, {""value"": ""border_crisis"", ""count"": 674, ""share"": 0.0749}, {""value"": ""economic_contribution"", ""count"": 524, ""share"": 0.0583}, {""value"": ""security_threat"", ""count"": 438, ""share"": 0.0487}, {""value"": ""asylum_right"", ""count"": 415, ""share"": 0.0461}, {""value"": ""rule_of_law"", ""count"": 348, ""share"": 0.0387}]","[{""value"": 2015, ""count"": 2770, ""share"": 0.3079}, {""value"": 2016, ""count"": 2134, ""share"": 0.2372}, {""value"": 2018, ""count"": 1099, ""share"": 0.1222}, {""value"": 2017, ""count"": 753, ""share"": 0.0837}, {""value"": 2022, ""count"": 669, ""share"": 0.0744}]"
BEL,16218,3761,240,157,3.2658,1.8155,16218,"[{""value"": ""TUR"", ""count"": 1387, ""share"": 0.0855}, {""value"": ""GRC"", ""count"": 812, ""share"": 0.0501}, {""value"": ""SYR"", ""count"": 717, ""share"": 0.0442}, {""value"": ""GBR"", ""count"": 590, ""share"": 0.0364}, {""value"": ""ITA"", ""count"": 544, ""share"": 0.0335}, {""value"": ""UKR"", ""count"": 447, ""share"": 0.0276}, {""value"": ""NLD"", ""count"": 407, ""share"": 0.0251}, {""value"": ""DEU"", ""count"": 396, ""share"": 0.0244}]","[{""value"": ""neutral_reporting"", ""count"": 9620, ""share"": 0.5932}, {""value"": ""learning_emulation_from"", ""count"": 2631, ""share"": 0.1622}, {""value"": ""exchange_cooperation"", ""count"": 1977, ""share"": 0.1219}, {""value"": ""coercion_intervention_to"", ""count"": 1733, ""share"": 0.1069}, {""value"": ""competition"", ""count"": 257, ""share"": 0.0158}]","[{""value"": ""external_transnational"", ""count"": 14070, ""share"": 0.8676}, {""value"": ""ambiguous"", ""count"": 1459, ""share"": 0.09}, {""value"": ""inbound_internal"", ""count"": 664, ""share"": 0.0409}, {""value"": ""outbound_from_domestic"", ""count"": 25, ""share"": 0.0015}]","[{""value"": ""general_migration"", ""count"": 11159, ""share"": 0.6881}, {""value"": ""refugees"", ""count"": 3825, ""share"": 0.2358}, {""value"": ""asylum_seekers"", ""count"": 832, ""share"": 0.0513}, {""value"": ""economic_migrants"", ""count"": 262, ""share"": 0.0162}, {""value"": ""students"", ""count"": 117, ""share"": 0.0072}, {""value"": ""high_skilled_workers"", ""count"": 23, ""share"": 0.0014}]","[{""value"": ""general_policy"", ""count"": 8572, ""share"": 0.5285}, {""value"": ""border_control"", ""count"": 2075, ""share"": 0.1279}, {""value"": ""returns_deportation"", ""count"": 1167, ""share"": 0.072}, {""value"": ""national_security"", ""count"": 1117, ""share"": 0.0689}, {""value"": ""international_law"", ""count"": 962, ""share"": 0.0593}, {""value"": ""asylum_procedure"", ""count"": 824, ""share"": 0.0508}, {""value"": ""allocation_of_resources"", ""count"": 729, ""share"": 0.045}, {""value"": ""visas_mobility"", ""count"": 443, ""share"": 0.0273}]","[{""value"": ""neutral_reporting"", ""count"": 2118, ""share"": 0.1306}, {""value"": ""humanitarian_obligation"", ""count"": 1566, ""share"": 0.0966}, {""value"": ""national_identity"", ""count"": 1413, ""share"": 0.0871}, {""value"": ""asylum_right"", ""count"": 1046, ""share"": 0.0645}, {""value"": ""border_crisis"", ""count"": 1019, ""share"": 0.0628}, {""value"": ""economic_contribution"", ""count"": 645, ""share"": 0.0398}, {""value"": ""security_threat"", ""count"": 644, ""share"": 0.0397}, {""value"": ""solidarity"", ""count"": 638, ""share"": 0.0393}]","[{""value"": 2016, ""count"": 2804, ""share"": 0.1729}, {""value"": 2021, ""count"": 2742, ""share"": 0.1691}, {""value"": 2015, ""count"": 2054, ""share"": 0.1266}, {""value"": 2017, ""count"": 2007, ""share"": 0.1238}, {""value"": 2022, ""count"": 2006, ""share"": 0.1237}]"
BGR,3888,1009,244,74,3.2539,2.0697,3888,"[{""value"": ""TUR"", ""count"": 512, ""share"": 0.1317}, {""value"": ""UKR"", ""count"": 217, ""share"": 0.0558}, {""value"": ""GRC"", ""count"": 184, ""share"": 0.0473}, {""value"": ""GBR"", ""count"": 90, ""share"": 0.0231}, {""value"": ""MKD"", ""count"": 87, ""share"": 0.0224}, {""value"": ""SYR"", ""count"": 87, ""share"": 0.0224}, {""value"": ""AFG"", ""count"": 80, ""share"": 0.0206}, {""value"": ""DEU"", ""count"": 55, ""share"": 0.0141}]","[{""value"": ""neutral_reporting"", ""count"": 1974, ""share"": 0.5077}, {""value"": ""learning_emulation_from"", ""count"": 721, ""share"": 0.1854}, {""value"": ""coercion_intervention_to"", ""count"": 702, ""share"": 0.1806}, {""value"": ""exchange_cooperation"", ""count"": 442, ""share"": 0.1137}, {""value"": ""competition"", ""count"": 49, ""share"": 0.0126}]","[{""value"": ""external_transnational"", ""count"": 3532, ""share"": 0.9084}, {""value"": ""ambiguous"", ""count"": 232, ""share"": 0.0597}, {""value"": ""inbound_internal"", ""count"": 124, ""share"": 0.0319}]","[{""value"": ""general_migration"", ""count"": 2571, ""share"": 0.6613}, {""value"": ""refugees"", ""count"": 1127, ""share"": 0.2899}, {""value"": ""economic_migrants"", ""count"": 110, ""share"": 0.0283}, {""value"": ""students"", ""count"": 41, ""share"": 0.0105}, {""value"": ""high_skilled_workers"", ""count"": 22, ""share"": 0.0057}, {""value"": ""asylum_seekers"", ""count"": 17, ""share"": 0.0044}]","[{""value"": ""general_policy"", ""count"": 1402, ""share"": 0.3606}, {""value"": ""border_control"", ""count"": 895, ""share"": 0.2302}, {""value"": ""national_security"", ""count"": 680, ""share"": 0.1749}, {""value"": ""integration"", ""count"": 284, ""share"": 0.073}, {""value"": ""international_law"", ""count"": 184, ""share"": 0.0473}, {""value"": ""allocation_of_resources"", ""count"": 172, ""share"": 0.0442}, {""value"": ""returns_deportation"", ""count"": 107, ""share"": 0.0275}, {""value"": ""asylum_procedure"", ""count"": 86, ""share"": 0.0221}]","[{""value"": ""national_identity"", ""count"": 848, ""share"": 0.2181}, {""value"": ""economic_contribution"", ""count"": 377, ""share"": 0.097}, {""value"": ""border_crisis"", ""count"": 302, ""share"": 0.0777}, {""value"": ""humanitarian_obligation"", ""count"": 284, ""share"": 0.073}, {""value"": ""neutral_reporting"", ""count"": 262, ""share"": 0.0674}, {""value"": ""security_threat"", ""count"": 193, ""share"": 0.0496}, {""value"": ""family_reunification"", ""count"": 138, ""share"": 0.0355}, {""value"": ""cultural_threat"", ""count"": 113, ""share"": 0.0291}]","[{""value"": 2016, ""count"": 1120, ""share"": 0.2881}, {""value"": 2015, ""count"": 727, ""share"": 0.187}, {""value"": 2018, ""count"": 681, ""share"": 0.1752}, {""value"": 2021, ""count"": 312, ""share"": 0.0802}, {""value"": 2022, ""count"": 309, ""share"": 0.0795}]"
BIH,990,222,70,56,3.3053,1.9361,990,"[{""value"": ""GBR"", ""count"": 143, ""share"": 0.1444}, {""value"": ""HRV"", ""count"": 133, ""share"": 0.1343}, {""value"": ""SRB"", ""count"": 111, ""share"": 0.1121}, {""value"": ""MNE"", ""count"": 45, ""share"": 0.0455}, {""value"": ""SYR"", ""count"": 24, ""share"": 0.0242}, {""value"": ""GRC"", ""count"": 24, ""share"": 0.0242}, {""value"": ""PAK"", ""count"": 22, ""share"": 0.0222}, {""value"": ""USA"", ""count"": 21, ""share"": 0.0212}]","[{""value"": ""neutral_reporting"", ""count"": 442, ""share"": 0.4465}, {""value"": ""learning_emulation_from"", ""count"": 325, ""share"": 0.3283}, {""value"": ""coercion_intervention_to"", ""count"": 123, ""share"": 0.1242}, {""value"": ""exchange_cooperation"", ""count"": 61, ""share"": 0.0616}, {""value"": ""competition"", ""count"": 39, ""share"": 0.0394}]","[{""value"": ""external_transnational"", ""count"": 897, ""share"": 0.9061}, {""value"": ""inbound_internal"", ""count"": 82, ""share"": 0.0828}, {""value"": ""ambiguous"", ""count"": 11, ""share"": 0.0111}]","[{""value"": ""general_migration"", ""count"": 716, ""share"": 0.7232}, {""value"": ""refugees"", ""count"": 246, ""share"": 0.2485}, {""value"": ""asylum_seekers"", ""count"": 18, ""share"": 0.0182}, {""value"": ""economic_migrants"", ""count"": 6, ""share"": 0.0061}, {""value"": ""high_skilled_workers"", ""count"": 4, ""share"": 0.004}]","[{""value"": ""border_control"", ""count"": 247, ""share"": 0.2495}, {""value"": ""general_policy"", ""count"": 226, ""share"": 0.2283}, {""value"": ""national_security"", ""count"": 194, ""share"": 0.196}, {""value"": ""international_law"", ""count"": 127, ""share"": 0.1283}, {""value"": ""asylum_procedure"", ""count"": 86, ""share"": 0.0869}, {""value"": ""returns_deportation"", ""count"": 36, ""share"": 0.0364}, {""value"": ""allocation_of_resources"", ""count"": 30, ""share"": 0.0303}, {""value"": ""integration"", ""count"": 29, ""share"": 0.0293}]","[{""value"": ""national_identity"", ""count"": 197, ""share"": 0.199}, {""value"": ""humanitarian_obligation"", ""count"": 142, ""share"": 0.1434}, {""value"": ""border_crisis"", ""count"": 99, ""share"": 0.1}, {""value"": ""economic_contribution"", ""count"": 93, ""share"": 0.0939}, {""value"": ""security_threat"", ""count"": 69, ""share"": 0.0697}, {""value"": ""human_rights"", ""count"": 60, ""share"": 0.0606}, {""value"": ""war_conflict"", ""count"": 44, ""share"": 0.0444}, {""value"": ""neutral_reporting"", ""count"": 43, ""share"": 0.0434}]","[{""value"": 2021, ""count"": 333, ""share"": 0.3364}, {""value"": 2018, ""count"": 217, ""share"": 0.2192}, {""value"": 2020, ""count"": 134, ""share"": 0.1354}, {""value"": 2015, ""count"": 86, ""share"": 0.0869}, {""value"": 2016, ""count"": 78, ""share"": 0.0788}]"
CZE,10022,1570,225,110,3.2578,1.7685,10022,"[{""value"": ""UKR"", ""count"": 997, ""share"": 0.0995}, {""value"": ""TUR"", ""count"": 690, ""share"": 0.0688}, {""value"": ""DEU"", ""count"": 441, ""share"": 0.044}, {""value"": ""GRC"", ""count"": 401, ""share"": 0.04}, {""value"": ""SYR"", ""count"": 350, ""share"": 0.0349}, {""value"": ""HUN"", ""count"": 333, ""share"": 0.0332}, {""value"": ""USA"", ""count"": 193, ""share"": 0.0193}, {""value"": ""AUT"", ""count"": 177, ""share"": 0.0177}]","[{""value"": ""neutral_reporting"", ""count"": 5901, ""share"": 0.5888}, {""value"": ""learning_emulation_from"", ""count"": 1885, ""share"": 0.1881}, {""value"": ""coercion_intervention_to"", ""count"": 1137, ""share"": 0.1135}, {""value"": ""exchange_cooperation"", ""count"": 973, ""share"": 0.0971}, {""value"": ""competition"", ""count"": 126, ""share"": 0.0126}]","[{""value"": ""external_transnational"", ""count"": 8975, ""share"": 0.8955}, {""value"": ""ambiguous"", ""count"": 546, ""share"": 0.0545}, {""value"": ""inbound_internal"", ""count"": 489, ""share"": 0.0488}, {""value"": ""outbound_from_domestic"", ""count"": 12, ""share"": 0.0012}]","[{""value"": ""general_migration"", ""count"": 7284, ""share"": 0.7268}, {""value"": ""refugees"", ""count"": 2318, ""share"": 0.2313}, {""value"": ""economic_migrants"", ""count"": 201, ""share"": 0.0201}, {""value"": ""asylum_seekers"", ""count"": 187, ""share"": 0.0187}, {""value"": ""students"", ""count"": 28, ""share"": 0.0028}, {""value"": ""high_skilled_workers"", ""count"": 4, ""share"": 0.0004}]","[{""value"": ""general_policy"", ""count"": 4748, ""share"": 0.4738}, {""value"": ""border_control"", ""count"": 1838, ""share"": 0.1834}, {""value"": ""national_security"", ""count"": 1482, ""share"": 0.1479}, {""value"": ""returns_deportation"", ""count"": 451, ""share"": 0.045}, {""value"": ""allocation_of_resources"", ""count"": 431, ""share"": 0.043}, {""value"": ""integration"", ""count"": 345, ""share"": 0.0344}, {""value"": ""international_law"", ""count"": 304, ""share"": 0.0303}, {""value"": ""asylum_procedure"", ""count"": 236, ""share"": 0.0235}]","[{""value"": ""national_identity"", ""count"": 2137, ""share"": 0.2132}, {""value"": ""humanitarian_obligation"", ""count"": 1048, ""share"": 0.1046}, {""value"": ""neutral_reporting"", ""count"": 830, ""share"": 0.0828}, {""value"": ""border_crisis"", ""count"": 585, ""share"": 0.0584}, {""value"": ""security_threat"", ""count"": 564, ""share"": 0.0563}, {""value"": ""economic_contribution"", ""count"": 472, ""share"": 0.0471}, {""value"": ""rule_of_law"", ""count"": 442, ""share"": 0.0441}, {""value"": ""religious_threat"", ""count"": 360, ""share"": 0.0359}]","[{""value"": 2016, ""count"": 3009, ""share"": 0.3002}, {""value"": 2015, ""count"": 2393, ""share"": 0.2388}, {""value"": 2022, ""count"": 1699, ""share"": 0.1695}, {""value"": 2018, ""count"": 1349, ""share"": 0.1346}, {""value"": 2020, ""count"": 677, ""share"": 0.0676}]"
ESP,4015,818,241,120,3.2371,1.702,4015,"[{""value"": ""MAR"", ""count"": 365, ""share"": 0.0909}, {""value"": ""GRC"", ""count"": 174, ""share"": 0.0433}, {""value"": ""TUR"", ""count"": 172, ""share"": 0.0428}, {""value"": ""ITA"", ""count"": 146, ""share"": 0.0364}, {""value"": ""SYR"", ""count"": 102, ""share"": 0.0254}, {""value"": ""LBY"", ""count"": 83, ""share"": 0.0207}, {""value"": ""DEU"", ""count"": 67, ""share"": 0.0167}, {""value"": ""UKR"", ""count"": 62, ""share"": 0.0154}]","[{""value"": ""neutral_reporting"", ""count"": 1927, ""share"": 0.48}, {""value"": ""learning_emulation_from"", ""count"": 747, ""share"": 0.1861}, {""value"": ""coercion_intervention_to"", ""count"": 703, ""share"": 0.1751}, {""value"": ""exchange_cooperation"", ""count"": 571, ""share"": 0.1422}, {""value"": ""competition"", ""count"": 67, ""share"": 0.0167}]","[{""value"": ""external_transnational"", ""count"": 3588, ""share"": 0.8936}, {""value"": ""inbound_internal"", ""count"": 265, ""share"": 0.066}, {""value"": ""ambiguous"", ""count"": 162, ""share"": 0.0403}]","[{""value"": ""general_migration"", ""count"": 2711, ""share"": 0.6752}, {""value"": ""refugees"", ""count"": 1098, ""share"": 0.2735}, {""value"": ""asylum_seekers"", ""count"": 99, ""share"": 0.0247}, {""value"": ""economic_migrants"", ""count"": 92, ""share"": 0.0229}, {""value"": ""students"", ""count"": 15, ""share"": 0.0037}]","[{""value"": ""general_policy"", ""count"": 1694, ""share"": 0.4219}, {""value"": ""border_control"", ""count"": 719, ""share"": 0.1791}, {""value"": ""national_security"", ""count"": 511, ""share"": 0.1273}, {""value"": ""international_law"", ""count"": 463, ""share"": 0.1153}, {""value"": ""allocation_of_resources"", ""count"": 233, ""share"": 0.058}, {""value"": ""integration"", ""count"": 150, ""share"": 0.0374}, {""value"": ""asylum_procedure"", ""count"": 123, ""share"": 0.0306}, {""value"": ""returns_deportation"", ""count"": 89, ""share"": 0.0222}]","[{""value"": ""humanitarian_obligation"", ""count"": 616, ""share"": 0.1534}, {""value"": ""national_identity"", ""count"": 425, ""share"": 0.1059}, {""value"": ""solidarity"", ""count"": 312, ""share"": 0.0777}, {""value"": ""economic_contribution"", ""count"": 282, ""share"": 0.0702}, {""value"": ""human_rights"", ""count"": 274, ""share"": 0.0682}, {""value"": ""border_crisis"", ""count"": 247, ""share"": 0.0615}, {""value"": ""neutral_reporting"", ""count"": 211, ""share"": 0.0526}, {""value"": ""security_threat"", ""count"": 203, ""share"": 0.0506}]","[{""value"": 2022, ""count"": 802, ""share"": 0.1998}, {""value"": 2015, ""count"": 790, ""share"": 0.1968}, {""value"": 2018, ""count"": 754, ""share"": 0.1878}, {""value"": 2016, ""count"": 601, ""share"": 0.1497}, {""value"": 2017, ""count"": 481, ""share"": 0.1198}]"
EST,6679,1806,168,108,3.2698,1.6762,6679,"[{""value"": ""UKR"", ""count"": 599, ""share"": 0.0897}, {""value"": ""RUS"", ""count"": 597, ""share"": 0.0894}, {""value"": ""FIN"", ""count"": 339, ""share"": 0.0508}, {""value"": ""SWE"", ""count"": 181, ""share"": 0.0271}, {""value"": ""USA"", ""count"": 180, ""share"": 0.027}, {""value"": ""TUR"", ""count"": 173, ""share"": 0.0259}, {""value"": ""LVA"", ""count"": 168, ""share"": 0.0252}, {""value"": ""SYR"", ""count"": 144, ""share"": 0.0216}]","[{""value"": ""neutral_reporting"", ""count"": 3947, ""share"": 0.591}, {""value"": ""learning_emulation_from"", ""count"": 1206, ""share"": 0.1806}, {""value"": ""coercion_intervention_to"", ""count"": 856, ""share"": 0.1282}, {""value"": ""exchange_cooperation"", ""count"": 599, ""share"": 0.0897}, {""value"": ""competition"", ""count"": 71, ""share"": 0.0106}]","[{""value"": ""external_transnational"", ""count"": 6000, ""share"": 0.8983}, {""value"": ""inbound_internal"", ""count"": 361, ""share"": 0.0541}, {""value"": ""ambiguous"", ""count"": 313, ""share"": 0.0469}, {""value"": ""outbound_from_domestic"", ""count"": 5, ""share"": 0.0007}]","[{""value"": ""general_migration"", ""count"": 4569, ""share"": 0.6841}, {""value"": ""refugees"", ""count"": 1847, ""share"": 0.2765}, {""value"": ""economic_migrants"", ""count"": 174, ""share"": 0.0261}, {""value"": ""students"", ""count"": 55, ""share"": 0.0082}, {""value"": ""asylum_seekers"", ""count"": 31, ""share"": 0.0046}, {""value"": ""high_skilled_workers"", ""count"": 3, ""share"": 0.0004}]","[{""value"": ""general_policy"", ""count"": 3141, ""share"": 0.4703}, {""value"": ""border_control"", ""count"": 1185, ""share"": 0.1774}, {""value"": ""national_security"", ""count"": 743, ""share"": 0.1112}, {""value"": ""integration"", ""count"": 664, ""share"": 0.0994}, {""value"": ""allocation_of_resources"", ""count"": 240, ""share"": 0.0359}, {""value"": ""international_law"", ""count"": 233, ""share"": 0.0349}, {""value"": ""returns_deportation"", ""count"": 182, ""share"": 0.0272}, {""value"": ""visas_mobility"", ""count"": 179, ""share"": 0.0268}]","[{""value"": ""national_identity"", ""count"": 823, ""share"": 0.1232}, {""value"": ""neutral_reporting"", ""count"": 695, ""share"": 0.1041}, {""value"": ""border_crisis"", ""count"": 613, ""share"": 0.0918}, {""value"": ""economic_contribution"", ""count"": 550, ""share"": 0.0823}, {""value"": ""humanitarian_obligation"", ""count"": 474, ""share"": 0.071}, {""value"": ""security_threat"", ""count"": 385, ""share"": 0.0576}, {""value"": ""child_protection"", ""count"": 277, ""share"": 0.0415}, {""value"": ""war_conflict"", ""count"": 246, ""share"": 0.0368}]","[{""value"": 2015, ""count"": 1695, ""share"": 0.2538}, {""value"": 2022, ""count"": 1022, ""share"": 0.153}, {""value"": 2016, ""count"": 996, ""share"": 0.1491}, {""value"": 2018, ""count"": 769, ""share"": 0.1151}, {""value"": 2021, ""count"": 760, ""share"": 0.1138}]"
FIN,5407,1896,219,99,3.2268,1.7933,5407,"[{""value"": ""SWE"", ""count"": 454, ""share"": 0.084}, {""value"": ""IRQ"", ""count"": 371, ""share"": 0.0686}, {""value"": ""AFG"", ""count"": 201, ""share"": 0.0372}, {""value"": ""TUR"", ""count"": 187, ""share"": 0.0346}, {""value"": ""DNK"", ""count"": 134, ""share"": 0.0248}, {""value"": ""SYR"", ""count"": 112, ""share"": 0.0207}, {""value"": ""RUS"", ""count"": 106, ""share"": 0.0196}, {""value"": ""GRC"", ""count"": 91, ""share"": 0.0168}]","[{""value"": ""neutral_reporting"", ""count"": 2572, ""share"": 0.4757}, {""value"": ""learning_emulation_from"", ""count"": 1393, ""share"": 0.2576}, {""value"": ""exchange_cooperation"", ""count"": 742, ""share"": 0.1372}, {""value"": ""coercion_intervention_to"", ""count"": 599, ""share"": 0.1108}, {""value"": ""competition"", ""count"": 101, ""share"": 0.0187}]","[{""value"": ""external_transnational"", ""count"": 4724, ""share"": 0.8737}, {""value"": ""ambiguous"", ""count"": 391, ""share"": 0.0723}, {""value"": ""inbound_internal"", ""count"": 292, ""share"": 0.054}]","[{""value"": ""general_migration"", ""count"": 3234, ""share"": 0.5981}, {""value"": ""refugees"", ""count"": 1245, ""share"": 0.2303}, {""value"": ""asylum_seekers"", ""count"": 700, ""share"": 0.1295}, {""value"": ""economic_migrants"", ""count"": 209, ""share"": 0.0387}, {""value"": ""students"", ""count"": 18, ""share"": 0.0033}, {""value"": ""high_skilled_workers"", ""count"": 1, ""share"": 0.0002}]","[{""value"": ""general_policy"", ""count"": 2205, ""share"": 0.4078}, {""value"": ""national_security"", ""count"": 968, ""share"": 0.179}, {""value"": ""border_control"", ""count"": 794, ""share"": 0.1468}, {""value"": ""integration"", ""count"": 389, ""share"": 0.0719}, {""value"": ""returns_deportation"", ""count"": 276, ""share"": 0.051}, {""value"": ""international_law"", ""count"": 274, ""share"": 0.0507}, {""value"": ""allocation_of_resources"", ""count"": 260, ""share"": 0.0481}, {""value"": ""visas_mobility"", ""count"": 125, ""share"": 0.0231}]","[{""value"": ""national_identity"", ""count"": 496, ""share"": 0.0917}, {""value"": ""economic_contribution"", ""count"": 463, ""share"": 0.0856}, {""value"": ""asylum_right"", ""count"": 419, ""share"": 0.0775}, {""value"": ""security_threat"", ""count"": 418, ""share"": 0.0773}, {""value"": ""humanitarian_obligation"", ""count"": 405, ""share"": 0.0749}, {""value"": ""border_crisis"", ""count"": 403, ""share"": 0.0745}, {""value"": ""neutral_reporting"", ""count"": 398, ""share"": 0.0736}, {""value"": ""economic_burden"", ""count"": 255, ""share"": 0.0472}]","[{""value"": 2016, ""count"": 1550, ""share"": 0.2867}, {""value"": 2021, ""count"": 839, ""share"": 0.1552}, {""value"": 2018, ""count"": 708, ""share"": 0.1309}, {""value"": 2020, ""count"": 601, ""share"": 0.1112}, {""value"": 2015, ""count"": 598, ""share"": 0.1106}]"
FRA,4852,1733,316,124,3.2462,1.5961,4852,"[{""value"": ""GBR"", ""count"": 208, ""share"": 0.0429}, {""value"": ""DEU"", ""count"": 160, ""share"": 0.033}, {""value"": ""COM"", ""count"": 154, ""share"": 0.0317}, {""value"": ""ITA"", ""count"": 138, ""share"": 0.0284}, {""value"": ""LBY"", ""count"": 124, ""share"": 0.0256}, {""value"": ""TUR"", ""count"": 105, ""share"": 0.0216}, {""value"": ""ARM"", ""count"": 66, ""share"": 0.0136}, {""value"": ""GRC"", ""count"": 64, ""share"": 0.0132}]","[{""value"": ""neutral_reporting"", ""count"": 2639, ""share"": 0.5439}, {""value"": ""coercion_intervention_to"", ""count"": 809, ""share"": 0.1667}, {""value"": ""learning_emulation_from"", ""count"": 785, ""share"": 0.1618}, {""value"": ""exchange_cooperation"", ""count"": 535, ""share"": 0.1103}, {""value"": ""competition"", ""count"": 84, ""share"": 0.0173}]","[{""value"": ""external_transnational"", ""count"": 3959, ""share"": 0.816}, {""value"": ""inbound_internal"", ""count"": 621, ""share"": 0.128}, {""value"": ""ambiguous"", ""count"": 260, ""share"": 0.0536}, {""value"": ""outbound_from_domestic"", ""count"": 12, ""share"": 0.0025}]","[{""value"": ""general_migration"", ""count"": 3811, ""share"": 0.7854}, {""value"": ""refugees"", ""count"": 565, ""share"": 0.1164}, {""value"": ""asylum_seekers"", ""count"": 333, ""share"": 0.0686}, {""value"": ""economic_migrants"", ""count"": 87, ""share"": 0.0179}, {""value"": ""students"", ""count"": 45, ""share"": 0.0093}, {""value"": ""high_skilled_workers"", ""count"": 11, ""share"": 0.0023}]","[{""value"": ""general_policy"", ""count"": 2076, ""share"": 0.4279}, {""value"": ""border_control"", ""count"": 849, ""share"": 0.175}, {""value"": ""national_security"", ""count"": 570, ""share"": 0.1175}, {""value"": ""international_law"", ""count"": 329, ""share"": 0.0678}, {""value"": ""allocation_of_resources"", ""count"": 270, ""share"": 0.0556}, {""value"": ""returns_deportation"", ""count"": 268, ""share"": 0.0552}, {""value"": ""asylum_procedure"", ""count"": 246, ""share"": 0.0507}, {""value"": ""integration"", ""count"": 162, ""share"": 0.0334}]","[{""value"": ""national_identity"", ""count"": 808, ""share"": 0.1665}, {""value"": ""humanitarian_obligation"", ""count"": 386, ""share"": 0.0796}, {""value"": ""neutral_reporting"", ""count"": 355, ""share"": 0.0732}, {""value"": ""border_crisis"", ""count"": 279, ""share"": 0.0575}, {""value"": ""rule_of_law"", ""count"": 253, ""share"": 0.0521}, {""value"": ""security_threat"", ""count"": 238, ""share"": 0.0491}, {""value"": ""human_rights"", ""count"": 220, ""share"": 0.0453}, {""value"": ""economic_contribution"", ""count"": 216, ""share"": 0.0445}]","[{""value"": 2018, ""count"": 1925, ""share"": 0.3967}, {""value"": 2019, ""count"": 990, ""share"": 0.204}, {""value"": 2017, ""count"": 608, ""share"": 0.1253}, {""value"": 2021, ""count"": 575, ""share"": 0.1185}, {""value"": 2020, ""count"": 447, ""share"": 0.0921}]"
GBR,18305,7388,1120,19,3.2145,2.1745,18305,"[{""value"": ""LBY"", ""count"": 349, ""share"": 0.0191}, {""value"": ""SSD"", ""count"": 44, ""share"": 0.0024}, {""value"": ""BIH"", ""count"": 37, ""share"": 0.002}, {""value"": ""ESH"", ""count"": 5, ""share"": 0.0003}, {""value"": ""AIA"", ""count"": 3, ""share"": 0.0002}, {""value"": ""LAO"", ""count"": 2, ""share"": 0.0001}, {""value"": ""GGY"", ""count"": 2, ""share"": 0.0001}, {""value"": ""JEY"", ""count"": 2, ""share"": 0.0001}]","[{""value"": ""neutral_reporting"", ""count"": 12258, ""share"": 0.6697}, {""value"": ""coercion_intervention_to"", ""count"": 2127, ""share"": 0.1162}, {""value"": ""learning_emulation_from"", ""count"": 1876, ""share"": 0.1025}, {""value"": ""exchange_cooperation"", ""count"": 1589, ""share"": 0.0868}, {""value"": ""competition"", ""count"": 455, ""share"": 0.0249}]","[{""value"": ""external_transnational"", ""count"": 16541, ""share"": 0.9036}, {""value"": ""inbound_internal"", ""count"": 990, ""share"": 0.0541}, {""value"": ""ambiguous"", ""count"": 750, ""share"": 0.041}, {""value"": ""outbound_from_domestic"", ""count"": 24, ""share"": 0.0013}]","[{""value"": ""general_migration"", ""count"": 13643, ""share"": 0.7453}, {""value"": ""refugees"", ""count"": 2878, ""share"": 0.1572}, {""value"": ""economic_migrants"", ""count"": 992, ""share"": 0.0542}, {""value"": ""students"", ""count"": 531, ""share"": 0.029}, {""value"": ""asylum_seekers"", ""count"": 233, ""share"": 0.0127}, {""value"": ""high_skilled_workers"", ""count"": 28, ""share"": 0.0015}]","[{""value"": ""general_policy"", ""count"": 10720, ""share"": 0.5856}, {""value"": ""border_control"", ""count"": 2070, ""share"": 0.1131}, {""value"": ""national_security"", ""count"": 1674, ""share"": 0.0915}, {""value"": ""integration"", ""count"": 798, ""share"": 0.0436}, {""value"": ""allocation_of_resources"", ""count"": 780, ""share"": 0.0426}, {""value"": ""international_law"", ""count"": 755, ""share"": 0.0412}, {""value"": ""asylum_procedure"", ""count"": 595, ""share"": 0.0325}, {""value"": ""returns_deportation"", ""count"": 505, ""share"": 0.0276}]","[{""value"": ""national_identity"", ""count"": 2121, ""share"": 0.1159}, {""value"": ""economic_contribution"", ""count"": 1885, ""share"": 0.103}, {""value"": ""human_rights"", ""count"": 1660, ""share"": 0.0907}, {""value"": ""neutral_reporting"", ""count"": 1589, ""share"": 0.0868}, {""value"": ""humanitarian_obligation"", ""count"": 1177, ""share"": 0.0643}, {""value"": ""child_protection"", ""count"": 1138, ""share"": 0.0622}, {""value"": ""economic_burden"", ""count"": 857, ""share"": 0.0468}, {""value"": ""security_threat"", ""count"": 624, ""share"": 0.0341}]","[{""value"": 2016, ""count"": 4724, ""share"": 0.2581}, {""value"": 2017, ""count"": 3821, ""share"": 0.2087}, {""value"": 2015, ""count"": 3080, ""share"": 0.1683}, {""value"": 2020, ""count"": 2678, ""share"": 0.1463}, {""value"": 2019, ""count"": 2237, ""share"": 0.1222}]"
GRC,10440,2588,401,118,3.2614,1.5245,10440,"[{""value"": ""TUR"", ""count"": 1814, ""share"": 0.1738}, {""value"": ""USA"", ""count"": 356, ""share"": 0.0341}, {""value"": ""DEU"", ""count"": 355, ""share"": 0.034}, {""value"": ""SYR"", ""count"": 257, ""share"": 0.0246}, {""value"": ""CYP"", ""count"": 176, ""share"": 0.0169}, {""value"": ""ITA"", ""count"": 162, ""share"": 0.0155}, {""value"": ""AFG"", ""count"": 153, ""share"": 0.0147}, {""value"": ""MKD"", ""count"": 114, ""share"": 0.0109}]","[{""value"": ""neutral_reporting"", ""count"": 5656, ""share"": 0.5418}, {""value"": ""coercion_intervention_to"", ""count"": 1651, ""share"": 0.1581}, {""value"": ""exchange_cooperation"", ""count"": 1625, ""share"": 0.1557}, {""value"": ""learning_emulation_from"", ""count"": 1321, ""share"": 0.1265}, {""value"": ""competition"", ""count"": 187, ""share"": 0.0179}]","[{""value"": ""external_transnational"", ""count"": 8917, ""share"": 0.8541}, {""value"": ""ambiguous"", ""count"": 774, ""share"": 0.0741}, {""value"": ""inbound_internal"", ""count"": 749, ""share"": 0.0717}]","[{""value"": ""general_migration"", ""count"": 6320, ""share"": 0.6054}, {""value"": ""refugees"", ""count"": 3661, ""share"": 0.3507}, {""value"": ""economic_migrants"", ""count"": 198, ""share"": 0.019}, {""value"": ""asylum_seekers"", ""count"": 163, ""share"": 0.0156}, {""value"": ""students"", ""count"": 93, ""share"": 0.0089}, {""value"": ""high_skilled_workers"", ""count"": 5, ""share"": 0.0005}]","[{""value"": ""general_policy"", ""count"": 5547, ""share"": 0.5313}, {""value"": ""border_control"", ""count"": 1421, ""share"": 0.1361}, {""value"": ""national_security"", ""count"": 970, ""share"": 0.0929}, {""value"": ""international_law"", ""count"": 871, ""share"": 0.0834}, {""value"": ""returns_deportation"", ""count"": 526, ""share"": 0.0504}, {""value"": ""allocation_of_resources"", ""count"": 464, ""share"": 0.0444}, {""value"": ""integration"", ""count"": 345, ""share"": 0.033}, {""value"": ""asylum_procedure"", ""count"": 222, ""share"": 0.0213}]","[{""value"": ""neutral_reporting"", ""count"": 1325, ""share"": 0.1269}, {""value"": ""national_identity"", ""count"": 1307, ""share"": 0.1252}, {""value"": ""humanitarian_obligation"", ""count"": 583, ""share"": 0.0558}, {""value"": ""economic_contribution"", ""count"": 564, ""share"": 0.054}, {""value"": ""solidarity"", ""count"": 506, ""share"": 0.0485}, {""value"": ""border_crisis"", ""count"": 498, ""share"": 0.0477}, {""value"": ""rule_of_law"", ""count"": 495, ""share"": 0.0474}, {""value"": ""economic_burden"", ""count"": 482, ""share"": 0.0462}]","[{""value"": 2016, ""count"": 2696, ""share"": 0.2582}, {""value"": 2020, ""count"": 2438, ""share"": 0.2335}, {""value"": 2015, ""count"": 1759, ""share"": 0.1685}, {""value"": 2019, ""count"": 1594, ""share"": 0.1527}, {""value"": 2021, ""count"": 1152, ""share"": 0.1103}]"
HRV,6893,1551,264,121,3.2286,2.0797,6893,"[{""value"": ""UKR"", ""count"": 400, ""share"": 0.058}, {""value"": ""DEU"", ""count"": 338, ""share"": 0.049}, {""value"": ""SRB"", ""count"": 280, ""share"": 0.0406}, {""value"": ""TUR"", ""count"": 238, ""share"": 0.0345}, {""value"": ""GBR"", ""count"": 212, ""share"": 0.0308}, {""value"": ""USA"", ""count"": 169, ""share"": 0.0245}, {""value"": ""SVN"", ""count"": 150, ""share"": 0.0218}, {""value"": ""AUT"", ""count"": 148, ""share"": 0.0215}]","[{""value"": ""neutral_reporting"", ""count"": 3755, ""share"": 0.5448}, {""value"": ""learning_emulation_from"", ""count"": 1569, ""share"": 0.2276}, {""value"": ""coercion_intervention_to"", ""count"": 836, ""share"": 0.1213}, {""value"": ""exchange_cooperation"", ""count"": 598, ""share"": 0.0868}, {""value"": ""competition"", ""count"": 135, ""share"": 0.0196}]","[{""value"": ""external_transnational"", ""count"": 6055, ""share"": 0.8784}, {""value"": ""inbound_internal"", ""count"": 593, ""share"": 0.086}, {""value"": ""ambiguous"", ""count"": 245, ""share"": 0.0355}]","[{""value"": ""general_migration"", ""count"": 4746, ""share"": 0.6885}, {""value"": ""refugees"", ""count"": 1669, ""share"": 0.2421}, {""value"": ""economic_migrants"", ""count"": 351, ""share"": 0.0509}, {""value"": ""asylum_seekers"", ""count"": 72, ""share"": 0.0104}, {""value"": ""students"", ""count"": 52, ""share"": 0.0075}, {""value"": ""high_skilled_workers"", ""count"": 3, ""share"": 0.0004}]","[{""value"": ""general_policy"", ""count"": 3012, ""share"": 0.437}, {""value"": ""border_control"", ""count"": 1376, ""share"": 0.1996}, {""value"": ""national_security"", ""count"": 971, ""share"": 0.1409}, {""value"": ""integration"", ""count"": 586, ""share"": 0.085}, {""value"": ""allocation_of_resources"", ""count"": 272, ""share"": 0.0395}, {""value"": ""international_law"", ""count"": 227, ""share"": 0.0329}, {""value"": ""returns_deportation"", ""count"": 208, ""share"": 0.0302}, {""value"": ""visas_mobility"", ""count"": 133, ""share"": 0.0193}]","[{""value"": ""national_identity"", ""count"": 1104, ""share"": 0.1602}, {""value"": ""economic_contribution"", ""count"": 772, ""share"": 0.112}, {""value"": ""humanitarian_obligation"", ""count"": 625, ""share"": 0.0907}, {""value"": ""border_crisis"", ""count"": 514, ""share"": 0.0746}, {""value"": ""neutral_reporting"", ""count"": 507, ""share"": 0.0736}, {""value"": ""security_threat"", ""count"": 309, ""share"": 0.0448}, {""value"": ""child_protection"", ""count"": 286, ""share"": 0.0415}, {""value"": ""economic_burden"", ""count"": 256, ""share"": 0.0371}]","[{""value"": 2020, ""count"": 1170, ""share"": 0.1697}, {""value"": 2019, ""count"": 1082, ""share"": 0.157}, {""value"": 2017, ""count"": 1006, ""share"": 0.1459}, {""value"": 2018, ""count"": 983, ""share"": 0.1426}, {""value"": 2022, ""count"": 783, ""share"": 0.1136}]"
HUN,13044,2748,251,134,3.2444,1.7064,13044,"[{""value"": ""DEU"", ""count"": 378, ""share"": 0.029}, {""value"": ""USA"", ""count"": 275, ""share"": 0.0211}, {""value"": ""UKR"", ""count"": 273, ""share"": 0.0209}, {""value"": ""SRB"", ""count"": 235, ""share"": 0.018}, {""value"": ""TUR"", ""count"": 234, ""share"": 0.0179}, {""value"": ""AUT"", ""count"": 228, ""share"": 0.0175}, {""value"": ""GRC"", ""count"": 206, ""share"": 0.0158}, {""value"": ""GBR"", ""count"": 173, ""share"": 0.0133}]","[{""value"": ""neutral_reporting"", ""count"": 7006, ""share"": 0.5371}, {""value"": ""learning_emulation_from"", ""count"": 2321, ""share"": 0.1779}, {""value"": ""coercion_intervention_to"", ""count"": 2212, ""share"": 0.1696}, {""value"": ""exchange_cooperation"", ""count"": 1267, ""share"": 0.0971}, {""value"": ""competition"", ""count"": 238, ""share"": 0.0182}]","[{""value"": ""external_transnational"", ""count"": 11788, ""share"": 0.9037}, {""value"": ""inbound_internal"", ""count"": 676, ""share"": 0.0518}, {""value"": ""ambiguous"", ""count"": 580, ""share"": 0.0445}]","[{""value"": ""general_migration"", ""count"": 10364, ""share"": 0.7945}, {""value"": ""refugees"", ""count"": 1894, ""share"": 0.1452}, {""value"": ""economic_migrants"", ""count"": 409, ""share"": 0.0314}, {""value"": ""asylum_seekers"", ""count"": 291, ""share"": 0.0223}, {""value"": ""students"", ""count"": 77, ""share"": 0.0059}, {""value"": ""high_skilled_workers"", ""count"": 9, ""share"": 0.0007}]","[{""value"": ""general_policy"", ""count"": 5443, ""share"": 0.4173}, {""value"": ""border_control"", ""count"": 2876, ""share"": 0.2205}, {""value"": ""national_security"", ""count"": 2421, ""share"": 0.1856}, {""value"": ""international_law"", ""count"": 727, ""share"": 0.0557}, {""value"": ""allocation_of_resources"", ""count"": 538, ""share"": 0.0412}, {""value"": ""integration"", ""count"": 447, ""share"": 0.0343}, {""value"": ""asylum_procedure"", ""count"": 293, ""share"": 0.0225}, {""value"": ""returns_deportation"", ""count"": 205, ""share"": 0.0157}]","[{""value"": ""national_identity"", ""count"": 1620, ""share"": 0.1242}, {""value"": ""humanitarian_obligation"", ""count"": 1443, ""share"": 0.1106}, {""value"": ""border_crisis"", ""count"": 1248, ""share"": 0.0957}, {""value"": ""security_threat"", ""count"": 981, ""share"": 0.0752}, {""value"": ""economic_contribution"", ""count"": 944, ""share"": 0.0724}, {""value"": ""neutral_reporting"", ""count"": 863, ""share"": 0.0662}, {""value"": ""rule_of_law"", ""count"": 654, ""share"": 0.0501}, {""value"": ""cultural_threat"", ""count"": 553, ""share"": 0.0424}]","[{""value"": 2015, ""count"": 4145, ""share"": 0.3178}, {""value"": 2018, ""count"": 2031, ""share"": 0.1557}, {""value"": 2016, ""count"": 1853, ""share"": 0.1421}, {""value"": 2019, ""count"": 1641, ""share"": 0.1258}, {""value"": 2017, ""count"": 1465, ""share"": 0.1123}]"
ISL,4141,1036,122,100,3.2501,1.6632,4141,"[{""value"": ""GRC"", ""count"": 384, ""share"": 0.0927}, {""value"": ""USA"", ""count"": 314, ""share"": 0.0758}, {""value"": ""DNK"", ""count"": 293, ""share"": 0.0708}, {""value"": ""UKR"", ""count"": 270, ""share"": 0.0652}, {""value"": ""SYR"", ""count"": 209, ""share"": 0.0505}, {""value"": ""SWE"", ""count"": 162, ""share"": 0.0391}, {""value"": ""NOR"", ""count"": 158, ""share"": 0.0382}, {""value"": ""HUN"", ""count"": 106, ""share"": 0.0256}]","[{""value"": ""neutral_reporting"", ""count"": 2639, ""share"": 0.6373}, {""value"": ""learning_emulation_from"", ""count"": 786, ""share"": 0.1898}, {""value"": ""coercion_intervention_to"", ""count"": 336, ""share"": 0.0811}, {""value"": ""exchange_cooperation"", ""count"": 332, ""share"": 0.0802}, {""value"": ""competition"", ""count"": 48, ""share"": 0.0116}]","[{""value"": ""external_transnational"", ""count"": 3667, ""share"": 0.8855}, {""value"": ""inbound_internal"", ""count"": 268, ""share"": 0.0647}, {""value"": ""ambiguous"", ""count"": 200, ""share"": 0.0483}, {""value"": ""outbound_from_domestic"", ""count"": 6, ""share"": 0.0014}]","[{""value"": ""general_migration"", ""count"": 2327, ""share"": 0.5619}, {""value"": ""refugees"", ""count"": 1709, ""share"": 0.4127}, {""value"": ""economic_migrants"", ""count"": 81, ""share"": 0.0196}, {""value"": ""students"", ""count"": 20, ""share"": 0.0048}, {""value"": ""asylum_seekers"", ""count"": 4, ""share"": 0.001}]","[{""value"": ""general_policy"", ""count"": 2213, ""share"": 0.5344}, {""value"": ""border_control"", ""count"": 494, ""share"": 0.1193}, {""value"": ""national_security"", ""count"": 354, ""share"": 0.0855}, {""value"": ""asylum_procedure"", ""count"": 278, ""share"": 0.0671}, {""value"": ""allocation_of_resources"", ""count"": 244, ""share"": 0.0589}, {""value"": ""international_law"", ""count"": 235, ""share"": 0.0567}, {""value"": ""integration"", ""count"": 195, ""share"": 0.0471}, {""value"": ""visas_mobility"", ""count"": 64, ""share"": 0.0155}]","[{""value"": ""humanitarian_obligation"", ""count"": 617, ""share"": 0.149}, {""value"": ""neutral_reporting"", ""count"": 487, ""share"": 0.1176}, {""value"": ""national_identity"", ""count"": 459, ""share"": 0.1108}, {""value"": ""human_rights"", ""count"": 206, ""share"": 0.0497}, {""value"": ""child_protection"", ""count"": 179, ""share"": 0.0432}, {""value"": ""war_conflict"", ""count"": 175, ""share"": 0.0423}, {""value"": ""security_threat"", ""count"": 166, ""share"": 0.0401}, {""value"": ""economic_contribution"", ""count"": 166, ""share"": 0.0401}]","[{""value"": 2022, ""count"": 1117, ""share"": 0.2697}, {""value"": 2021, ""count"": 991, ""share"": 0.2393}, {""value"": 2015, ""count"": 597, ""share"": 0.1442}, {""value"": 2020, ""count"": 447, ""share"": 0.1079}, {""value"": 2016, ""count"": 292, ""share"": 0.0705}]"
ITA,6212,1364,342,126,3.2301,1.7535,6212,"[{""value"": ""LBY"", ""count"": 486, ""share"": 0.0782}, {""value"": ""TUR"", ""count"": 164, ""share"": 0.0264}, {""value"": ""DEU"", ""count"": 164, ""share"": 0.0264}, {""value"": ""USA"", ""count"": 123, ""share"": 0.0198}, {""value"": ""SYR"", ""count"": 120, ""share"": 0.0193}, {""value"": ""RUS"", ""count"": 111, ""share"": 0.0179}, {""value"": ""MLT"", ""count"": 110, ""share"": 0.0177}, {""value"": ""GBR"", ""count"": 103, ""share"": 0.0166}]","[{""value"": ""neutral_reporting"", ""count"": 2983, ""share"": 0.4802}, {""value"": ""coercion_intervention_to"", ""count"": 1321, ""share"": 0.2127}, {""value"": ""learning_emulation_from"", ""count"": 926, ""share"": 0.1491}, {""value"": ""exchange_cooperation"", ""count"": 865, ""share"": 0.1392}, {""value"": ""competition"", ""count"": 117, ""share"": 0.0188}]","[{""value"": ""external_transnational"", ""count"": 5591, ""share"": 0.9}, {""value"": ""inbound_internal"", ""count"": 496, ""share"": 0.0798}, {""value"": ""ambiguous"", ""count"": 125, ""share"": 0.0201}]","[{""value"": ""general_migration"", ""count"": 4752, ""share"": 0.765}, {""value"": ""refugees"", ""count"": 1120, ""share"": 0.1803}, {""value"": ""asylum_seekers"", ""count"": 168, ""share"": 0.027}, {""value"": ""economic_migrants"", ""count"": 126, ""share"": 0.0203}, {""value"": ""students"", ""count"": 33, ""share"": 0.0053}, {""value"": ""high_skilled_workers"", ""count"": 13, ""share"": 0.0021}]","[{""value"": ""general_policy"", ""count"": 2785, ""share"": 0.4483}, {""value"": ""national_security"", ""count"": 1101, ""share"": 0.1772}, {""value"": ""border_control"", ""count"": 872, ""share"": 0.1404}, {""value"": ""international_law"", ""count"": 439, ""share"": 0.0707}, {""value"": ""allocation_of_resources"", ""count"": 373, ""share"": 0.06}, {""value"": ""integration"", ""count"": 241, ""share"": 0.0388}, {""value"": ""returns_deportation"", ""count"": 237, ""share"": 0.0382}, {""value"": ""asylum_procedure"", ""count"": 104, ""share"": 0.0167}]","[{""value"": ""national_identity"", ""count"": 837, ""share"": 0.1347}, {""value"": ""humanitarian_obligation"", ""count"": 579, ""share"": 0.0932}, {""value"": ""economic_contribution"", ""count"": 575, ""share"": 0.0926}, {""value"": ""neutral_reporting"", ""count"": 406, ""share"": 0.0654}, {""value"": ""security_threat"", ""count"": 374, ""share"": 0.0602}, {""value"": ""economic_burden"", ""count"": 319, ""share"": 0.0514}, {""value"": ""border_crisis"", ""count"": 298, ""share"": 0.048}, {""value"": ""human_rights"", ""count"": 263, ""share"": 0.0423}]","[{""value"": 2017, ""count"": 1449, ""share"": 0.2333}, {""value"": 2015, ""count"": 1448, ""share"": 0.2331}, {""value"": 2019, ""count"": 818, ""share"": 0.1317}, {""value"": 2014, ""count"": 744, ""share"": 0.1198}, {""value"": 2020, ""count"": 582, ""share"": 0.0937}]"
LVA,1807,438,109,90,3.2733,1.7781,1807,"[{""value"": ""RUS"", ""count"": 181, ""share"": 0.1002}, {""value"": ""UKR"", ""count"": 127, ""share"": 0.0703}, {""value"": ""BLR"", ""count"": 98, ""share"": 0.0542}, {""value"": ""USA"", ""count"": 71, ""share"": 0.0393}, {""value"": ""GBR"", ""count"": 67, ""share"": 0.0371}, {""value"": ""LTU"", ""count"": 60, ""share"": 0.0332}, {""value"": ""EST"", ""count"": 58, ""share"": 0.0321}, {""value"": ""DEU"", ""count"": 48, ""share"": 0.0266}]","[{""value"": ""neutral_reporting"", ""count"": 1057, ""share"": 0.5849}, {""value"": ""learning_emulation_from"", ""count"": 390, ""share"": 0.2158}, {""value"": ""coercion_intervention_to"", ""count"": 203, ""share"": 0.1123}, {""value"": ""exchange_cooperation"", ""count"": 136, ""share"": 0.0753}, {""value"": ""competition"", ""count"": 21, ""share"": 0.0116}]","[{""value"": ""external_transnational"", ""count"": 1600, ""share"": 0.8854}, {""value"": ""ambiguous"", ""count"": 151, ""share"": 0.0836}, {""value"": ""inbound_internal"", ""count"": 56, ""share"": 0.031}]","[{""value"": ""general_migration"", ""count"": 1323, ""share"": 0.7322}, {""value"": ""refugees"", ""count"": 357, ""share"": 0.1976}, {""value"": ""asylum_seekers"", ""count"": 57, ""share"": 0.0315}, {""value"": ""economic_migrants"", ""count"": 36, ""share"": 0.0199}, {""value"": ""students"", ""count"": 33, ""share"": 0.0183}, {""value"": ""high_skilled_workers"", ""count"": 1, ""share"": 0.0006}]","[{""value"": ""general_policy"", ""count"": 758, ""share"": 0.4195}, {""value"": ""national_security"", ""count"": 326, ""share"": 0.1804}, {""value"": ""border_control"", ""count"": 293, ""share"": 0.1621}, {""value"": ""integration"", ""count"": 170, ""share"": 0.0941}, {""value"": ""international_law"", ""count"": 74, ""share"": 0.041}, {""value"": ""visas_mobility"", ""count"": 63, ""share"": 0.0349}, {""value"": ""allocation_of_resources"", ""count"": 59, ""share"": 0.0327}, {""value"": ""returns_deportation"", ""count"": 47, ""share"": 0.026}]","[{""value"": ""national_identity"", ""count"": 321, ""share"": 0.1776}, {""value"": ""neutral_reporting"", ""count"": 224, ""share"": 0.124}, {""value"": ""border_crisis"", ""count"": 121, ""share"": 0.067}, {""value"": ""economic_contribution"", ""count"": 93, ""share"": 0.0515}, {""value"": ""security_threat"", ""count"": 83, ""share"": 0.0459}, {""value"": ""humanitarian_obligation"", ""count"": 75, ""share"": 0.0415}, {""value"": ""rule_of_law"", ""count"": 73, ""share"": 0.0404}, {""value"": ""child_protection"", ""count"": 72, ""share"": 0.0398}]","[{""value"": 2022, ""count"": 314, ""share"": 0.1738}, {""value"": 2016, ""count"": 296, ""share"": 0.1638}, {""value"": 2021, ""count"": 294, ""share"": 0.1627}, {""value"": 2018, ""count"": 251, ""share"": 0.1389}, {""value"": 2019, ""count"": 214, ""share"": 0.1184}]"
NLD,22291,6470,332,142,3.2685,1.7413,22291,"[{""value"": ""TUR"", ""count"": 2903, ""share"": 0.1302}, {""value"": ""GRC"", ""count"": 1022, ""share"": 0.0458}, {""value"": ""SYR"", ""count"": 997, ""share"": 0.0447}, {""value"": ""GBR"", ""count"": 630, ""share"": 0.0283}, {""value"": ""DEU"", ""count"": 563, ""share"": 0.0253}, {""value"": ""ITA"", ""count"": 454, ""share"": 0.0204}, {""value"": ""LBY"", ""count"": 404, ""share"": 0.0181}, {""value"": ""MAR"", ""count"": 386, ""share"": 0.0173}]","[{""value"": ""neutral_reporting"", ""count"": 14284, ""share"": 0.6408}, {""value"": ""learning_emulation_from"", ""count"": 3010, ""share"": 0.135}, {""value"": ""exchange_cooperation"", ""count"": 2857, ""share"": 0.1282}, {""value"": ""coercion_intervention_to"", ""count"": 1948, ""share"": 0.0874}, {""value"": ""competition"", ""count"": 192, ""share"": 0.0086}]","[{""value"": ""external_transnational"", ""count"": 18927, ""share"": 0.8491}, {""value"": ""ambiguous"", ""count"": 2316, ""share"": 0.1039}, {""value"": ""inbound_internal"", ""count"": 1042, ""share"": 0.0467}, {""value"": ""outbound_from_domestic"", ""count"": 6, ""share"": 0.0003}]","[{""value"": ""general_migration"", ""count"": 15095, ""share"": 0.6772}, {""value"": ""refugees"", ""count"": 5589, ""share"": 0.2507}, {""value"": ""asylum_seekers"", ""count"": 1113, ""share"": 0.0499}, {""value"": ""economic_migrants"", ""count"": 443, ""share"": 0.0199}, {""value"": ""students"", ""count"": 48, ""share"": 0.0022}, {""value"": ""high_skilled_workers"", ""count"": 3, ""share"": 0.0001}]","[{""value"": ""general_policy"", ""count"": 13122, ""share"": 0.5887}, {""value"": ""border_control"", ""count"": 2848, ""share"": 0.1278}, {""value"": ""national_security"", ""count"": 1665, ""share"": 0.0747}, {""value"": ""international_law"", ""count"": 1039, ""share"": 0.0466}, {""value"": ""returns_deportation"", ""count"": 1007, ""share"": 0.0452}, {""value"": ""allocation_of_resources"", ""count"": 937, ""share"": 0.042}, {""value"": ""asylum_procedure"", ""count"": 693, ""share"": 0.0311}, {""value"": ""integration"", ""count"": 521, ""share"": 0.0234}]","[{""value"": ""neutral_reporting"", ""count"": 4722, ""share"": 0.2118}, {""value"": ""border_crisis"", ""count"": 1584, ""share"": 0.0711}, {""value"": ""national_identity"", ""count"": 1393, ""share"": 0.0625}, {""value"": ""asylum_right"", ""count"": 1356, ""share"": 0.0608}, {""value"": ""security_threat"", ""count"": 1160, ""share"": 0.052}, {""value"": ""economic_contribution"", ""count"": 1047, ""share"": 0.047}, {""value"": ""humanitarian_obligation"", ""count"": 818, ""share"": 0.0367}, {""value"": ""development_aid"", ""count"": 749, ""share"": 0.0336}]","[{""value"": 2016, ""count"": 5794, ""share"": 0.2599}, {""value"": 2015, ""count"": 5285, ""share"": 0.2371}, {""value"": 2018, ""count"": 2943, ""share"": 0.132}, {""value"": 2017, ""count"": 2394, ""share"": 0.1074}, {""value"": 2019, ""count"": 1773, ""share"": 0.0795}]"
NOR,8573,2090,255,109,3.2412,1.9441,8573,"[{""value"": ""GRC"", ""count"": 649, ""share"": 0.0757}, {""value"": ""AFG"", ""count"": 529, ""share"": 0.0617}, {""value"": ""SYR"", ""count"": 500, ""share"": 0.0583}, {""value"": ""RUS"", ""count"": 331, ""share"": 0.0386}, {""value"": ""UKR"", ""count"": 295, ""share"": 0.0344}, {""value"": ""TUR"", ""count"": 282, ""share"": 0.0329}, {""value"": ""SWE"", ""count"": 274, ""share"": 0.032}, {""value"": ""GBR"", ""count"": 184, ""share"": 0.0215}]","[{""value"": ""neutral_reporting"", ""count"": 4475, ""share"": 0.522}, {""value"": ""learning_emulation_from"", ""count"": 1387, ""share"": 0.1618}, {""value"": ""exchange_cooperation"", ""count"": 1328, ""share"": 0.1549}, {""value"": ""coercion_intervention_to"", ""count"": 1290, ""share"": 0.1505}, {""value"": ""competition"", ""count"": 93, ""share"": 0.0108}]","[{""value"": ""external_transnational"", ""count"": 7782, ""share"": 0.9077}, {""value"": ""ambiguous"", ""count"": 465, ""share"": 0.0542}, {""value"": ""inbound_internal"", ""count"": 321, ""share"": 0.0374}, {""value"": ""outbound_from_domestic"", ""count"": 5, ""share"": 0.0006}]","[{""value"": ""general_migration"", ""count"": 4383, ""share"": 0.5113}, {""value"": ""refugees"", ""count"": 3211, ""share"": 0.3745}, {""value"": ""asylum_seekers"", ""count"": 663, ""share"": 0.0773}, {""value"": ""economic_migrants"", ""count"": 292, ""share"": 0.0341}, {""value"": ""students"", ""count"": 21, ""share"": 0.0024}, {""value"": ""high_skilled_workers"", ""count"": 3, ""share"": 0.0003}]","[{""value"": ""general_policy"", ""count"": 3923, ""share"": 0.4576}, {""value"": ""border_control"", ""count"": 1679, ""share"": 0.1958}, {""value"": ""national_security"", ""count"": 862, ""share"": 0.1005}, {""value"": ""integration"", ""count"": 558, ""share"": 0.0651}, {""value"": ""returns_deportation"", ""count"": 523, ""share"": 0.061}, {""value"": ""allocation_of_resources"", ""count"": 469, ""share"": 0.0547}, {""value"": ""international_law"", ""count"": 381, ""share"": 0.0444}, {""value"": ""asylum_procedure"", ""count"": 140, ""share"": 0.0163}]","[{""value"": ""economic_contribution"", ""count"": 1380, ""share"": 0.161}, {""value"": ""humanitarian_obligation"", ""count"": 885, ""share"": 0.1032}, {""value"": ""national_identity"", ""count"": 676, ""share"": 0.0789}, {""value"": ""border_crisis"", ""count"": 671, ""share"": 0.0783}, {""value"": ""neutral_reporting"", ""count"": 612, ""share"": 0.0714}, {""value"": ""asylum_right"", ""count"": 532, ""share"": 0.0621}, {""value"": ""child_protection"", ""count"": 457, ""share"": 0.0533}, {""value"": ""security_threat"", ""count"": 448, ""share"": 0.0523}]","[{""value"": 2015, ""count"": 2197, ""share"": 0.2563}, {""value"": 2016, ""count"": 1869, ""share"": 0.218}, {""value"": 2017, ""count"": 1077, ""share"": 0.1256}, {""value"": 2020, ""count"": 928, ""share"": 0.1082}, {""value"": 2018, ""count"": 700, ""share"": 0.0817}]"
POL,7128,1796,481,104,3.2679,2.2124,7128,"[{""value"": ""UKR"", ""count"": 1244, ""share"": 0.1745}, {""value"": ""BLR"", ""count"": 348, ""share"": 0.0488}, {""value"": ""GBR"", ""count"": 314, ""share"": 0.0441}, {""value"": ""DEU"", ""count"": 239, ""share"": 0.0335}, {""value"": ""RUS"", ""count"": 214, ""share"": 0.03}, {""value"": ""KAZ"", ""count"": 129, ""share"": 0.0181}, {""value"": ""USA"", ""count"": 102, ""share"": 0.0143}, {""value"": ""GRC"", ""count"": 96, ""share"": 0.0135}]","[{""value"": ""neutral_reporting"", ""count"": 4205, ""share"": 0.5899}, {""value"": ""learning_emulation_from"", ""count"": 1187, ""share"": 0.1665}, {""value"": ""coercion_intervention_to"", ""count"": 977, ""share"": 0.1371}, {""value"": ""exchange_cooperation"", ""count"": 682, ""share"": 0.0957}, {""value"": ""competition"", ""count"": 77, ""share"": 0.0108}]","[{""value"": ""external_transnational"", ""count"": 6394, ""share"": 0.897}, {""value"": ""ambiguous"", ""count"": 485, ""share"": 0.068}, {""value"": ""inbound_internal"", ""count"": 244, ""share"": 0.0342}, {""value"": ""outbound_from_domestic"", ""count"": 5, ""share"": 0.0007}]","[{""value"": ""general_migration"", ""count"": 5145, ""share"": 0.7218}, {""value"": ""refugees"", ""count"": 1688, ""share"": 0.2368}, {""value"": ""economic_migrants"", ""count"": 240, ""share"": 0.0337}, {""value"": ""students"", ""count"": 46, ""share"": 0.0065}, {""value"": ""asylum_seekers"", ""count"": 7, ""share"": 0.001}, {""value"": ""high_skilled_workers"", ""count"": 2, ""share"": 0.0003}]","[{""value"": ""general_policy"", ""count"": 3356, ""share"": 0.4708}, {""value"": ""border_control"", ""count"": 1332, ""share"": 0.1869}, {""value"": ""national_security"", ""count"": 825, ""share"": 0.1157}, {""value"": ""integration"", ""count"": 371, ""share"": 0.052}, {""value"": ""allocation_of_resources"", ""count"": 357, ""share"": 0.0501}, {""value"": ""international_law"", ""count"": 264, ""share"": 0.037}, {""value"": ""returns_deportation"", ""count"": 253, ""share"": 0.0355}, {""value"": ""asylum_procedure"", ""count"": 200, ""share"": 0.0281}]","[{""value"": ""neutral_reporting"", ""count"": 895, ""share"": 0.1256}, {""value"": ""national_identity"", ""count"": 813, ""share"": 0.1141}, {""value"": ""border_crisis"", ""count"": 591, ""share"": 0.0829}, {""value"": ""humanitarian_obligation"", ""count"": 516, ""share"": 0.0724}, {""value"": ""economic_contribution"", ""count"": 386, ""share"": 0.0542}, {""value"": ""security_threat"", ""count"": 362, ""share"": 0.0508}, {""value"": ""rule_of_law"", ""count"": 341, ""share"": 0.0478}, {""value"": ""solidarity"", ""count"": 304, ""share"": 0.0426}]","[{""value"": 2016, ""count"": 2050, ""share"": 0.2876}, {""value"": 2022, ""count"": 1604, ""share"": 0.225}, {""value"": 2017, ""count"": 1201, ""share"": 0.1685}, {""value"": 2021, ""count"": 1025, ""share"": 0.1438}, {""value"": 2019, ""count"": 429, ""share"": 0.0602}]"
PRT,2970,717,175,102,3.2212,1.6235,2970,"[{""value"": ""TUR"", ""count"": 173, ""share"": 0.0582}, {""value"": ""USA"", ""count"": 117, ""share"": 0.0394}, {""value"": ""UKR"", ""count"": 116, ""share"": 0.0391}, {""value"": ""GBR"", ""count"": 107, ""share"": 0.036}, {""value"": ""GRC"", ""count"": 93, ""share"": 0.0313}, {""value"": ""ITA"", ""count"": 46, ""share"": 0.0155}, {""value"": ""VEN"", ""count"": 46, ""share"": 0.0155}, {""value"": ""RUS"", ""count"": 46, ""share"": 0.0155}]","[{""value"": ""neutral_reporting"", ""count"": 922, ""share"": 0.3104}, {""value"": ""learning_emulation_from"", ""count"": 902, ""share"": 0.3037}, {""value"": ""coercion_intervention_to"", ""count"": 644, ""share"": 0.2168}, {""value"": ""exchange_cooperation"", ""count"": 445, ""share"": 0.1498}, {""value"": ""competition"", ""count"": 57, ""share"": 0.0192}]","[{""value"": ""external_transnational"", ""count"": 2755, ""share"": 0.9276}, {""value"": ""inbound_internal"", ""count"": 183, ""share"": 0.0616}, {""value"": ""ambiguous"", ""count"": 32, ""share"": 0.0108}]","[{""value"": ""refugees"", ""count"": 1426, ""share"": 0.4801}, {""value"": ""general_migration"", ""count"": 1358, ""share"": 0.4572}, {""value"": ""economic_migrants"", ""count"": 156, ""share"": 0.0525}, {""value"": ""asylum_seekers"", ""count"": 15, ""share"": 0.0051}, {""value"": ""students"", ""count"": 13, ""share"": 0.0044}, {""value"": ""high_skilled_workers"", ""count"": 2, ""share"": 0.0007}]","[{""value"": ""general_policy"", ""count"": 890, ""share"": 0.2997}, {""value"": ""national_security"", ""count"": 601, ""share"": 0.2024}, {""value"": ""international_law"", ""count"": 590, ""share"": 0.1987}, {""value"": ""border_control"", ""count"": 411, ""share"": 0.1384}, {""value"": ""allocation_of_resources"", ""count"": 172, ""share"": 0.0579}, {""value"": ""integration"", ""count"": 164, ""share"": 0.0552}, {""value"": ""returns_deportation"", ""count"": 64, ""share"": 0.0215}, {""value"": ""asylum_procedure"", ""count"": 42, ""share"": 0.0141}]","[{""value"": ""humanitarian_obligation"", ""count"": 577, ""share"": 0.1943}, {""value"": ""economic_contribution"", ""count"": 511, ""share"": 0.1721}, {""value"": ""human_rights"", ""count"": 256, ""share"": 0.0862}, {""value"": ""national_identity"", ""count"": 233, ""share"": 0.0785}, {""value"": ""solidarity"", ""count"": 228, ""share"": 0.0768}, {""value"": ""entrepreneurship"", ""count"": 155, ""share"": 0.0522}, {""value"": ""security_threat"", ""count"": 110, ""share"": 0.037}, {""value"": ""child_protection"", ""count"": 104, ""share"": 0.035}]","[{""value"": 2016, ""count"": 702, ""share"": 0.2364}, {""value"": 2018, ""count"": 478, ""share"": 0.1609}, {""value"": 2022, ""count"": 428, ""share"": 0.1441}, {""value"": 2017, ""count"": 415, ""share"": 0.1397}, {""value"": 2021, ""count"": 283, ""share"": 0.0953}]"
SRB,2669,638,194,105,3.2364,2.2011,2669,"[{""value"": ""HRV"", ""count"": 181, ""share"": 0.0678}, {""value"": ""XKX"", ""count"": 170, ""share"": 0.0637}, {""value"": ""MNE"", ""count"": 123, ""share"": 0.0461}, {""value"": ""HUN"", ""count"": 91, ""share"": 0.0341}, {""value"": ""DEU"", ""count"": 90, ""share"": 0.0337}, {""value"": ""MKD"", ""count"": 71, ""share"": 0.0266}, {""value"": ""BGR"", ""count"": 64, ""share"": 0.024}, {""value"": ""USA"", ""count"": 59, ""share"": 0.0221}]","[{""value"": ""neutral_reporting"", ""count"": 1463, ""share"": 0.5481}, {""value"": ""learning_emulation_from"", ""count"": 448, ""share"": 0.1679}, {""value"": ""exchange_cooperation"", ""count"": 349, ""share"": 0.1308}, {""value"": ""coercion_intervention_to"", ""count"": 313, ""share"": 0.1173}, {""value"": ""competition"", ""count"": 96, ""share"": 0.036}]","[{""value"": ""external_transnational"", ""count"": 2390, ""share"": 0.8955}, {""value"": ""inbound_internal"", ""count"": 213, ""share"": 0.0798}, {""value"": ""ambiguous"", ""count"": 66, ""share"": 0.0247}]","[{""value"": ""general_migration"", ""count"": 2155, ""share"": 0.8074}, {""value"": ""refugees"", ""count"": 333, ""share"": 0.1248}, {""value"": ""asylum_seekers"", ""count"": 87, ""share"": 0.0326}, {""value"": ""economic_migrants"", ""count"": 76, ""share"": 0.0285}, {""value"": ""students"", ""count"": 17, ""share"": 0.0064}, {""value"": ""high_skilled_workers"", ""count"": 1, ""share"": 0.0004}]","[{""value"": ""general_policy"", ""count"": 1130, ""share"": 0.4234}, {""value"": ""national_security"", ""count"": 452, ""share"": 0.1694}, {""value"": ""border_control"", ""count"": 351, ""share"": 0.1315}, {""value"": ""integration"", ""count"": 243, ""share"": 0.091}, {""value"": ""international_law"", ""count"": 150, ""share"": 0.0562}, {""value"": ""allocation_of_resources"", ""count"": 115, ""share"": 0.0431}, {""value"": ""returns_deportation"", ""count"": 94, ""share"": 0.0352}, {""value"": ""visas_mobility"", ""count"": 73, ""share"": 0.0274}]","[{""value"": ""national_identity"", ""count"": 651, ""share"": 0.2439}, {""value"": ""neutral_reporting"", ""count"": 220, ""share"": 0.0824}, {""value"": ""economic_contribution"", ""count"": 217, ""share"": 0.0813}, {""value"": ""humanitarian_obligation"", ""count"": 165, ""share"": 0.0618}, {""value"": ""human_rights"", ""count"": 127, ""share"": 0.0476}, {""value"": ""border_crisis"", ""count"": 111, ""share"": 0.0416}, {""value"": ""security_threat"", ""count"": 104, ""share"": 0.039}, {""value"": ""child_protection"", ""count"": 94, ""share"": 0.0352}]","[{""value"": 2021, ""count"": 691, ""share"": 0.2589}, {""value"": 2018, ""count"": 645, ""share"": 0.2417}, {""value"": 2019, ""count"": 587, ""share"": 0.2199}, {""value"": 2015, ""count"": 233, ""share"": 0.0873}, {""value"": 2017, ""count"": 195, ""share"": 0.0731}]"
SVN,10381,1549,166,109,3.2663,1.7623,10381,"[{""value"": ""AUT"", ""count"": 923, ""share"": 0.0889}, {""value"": ""HRV"", ""count"": 579, ""share"": 0.0558}, {""value"": ""DEU"", ""count"": 561, ""share"": 0.054}, {""value"": ""ITA"", ""count"": 321, ""share"": 0.0309}, {""value"": ""GRC"", ""count"": 266, ""share"": 0.0256}, {""value"": ""HUN"", ""count"": 262, ""share"": 0.0252}, {""value"": ""TUR"", ""count"": 231, ""share"": 0.0223}, {""value"": ""SYR"", ""count"": 154, ""share"": 0.0148}]","[{""value"": ""neutral_reporting"", ""count"": 6388, ""share"": 0.6154}, {""value"": ""learning_emulation_from"", ""count"": 1893, ""share"": 0.1824}, {""value"": ""coercion_intervention_to"", ""count"": 1008, ""share"": 0.0971}, {""value"": ""exchange_cooperation"", ""count"": 965, ""share"": 0.093}, {""value"": ""competition"", ""count"": 127, ""share"": 0.0122}]","[{""value"": ""external_transnational"", ""count"": 8961, ""share"": 0.8632}, {""value"": ""ambiguous"", ""count"": 823, ""share"": 0.0793}, {""value"": ""inbound_internal"", ""count"": 581, ""share"": 0.056}, {""value"": ""outbound_from_domestic"", ""count"": 16, ""share"": 0.0015}]","[{""value"": ""general_migration"", ""count"": 7913, ""share"": 0.7623}, {""value"": ""refugees"", ""count"": 1738, ""share"": 0.1674}, {""value"": ""economic_migrants"", ""count"": 454, ""share"": 0.0437}, {""value"": ""asylum_seekers"", ""count"": 180, ""share"": 0.0173}, {""value"": ""students"", ""count"": 62, ""share"": 0.006}, {""value"": ""high_skilled_workers"", ""count"": 34, ""share"": 0.0033}]","[{""value"": ""general_policy"", ""count"": 4405, ""share"": 0.4243}, {""value"": ""border_control"", ""count"": 2940, ""share"": 0.2832}, {""value"": ""national_security"", ""count"": 1489, ""share"": 0.1434}, {""value"": ""international_law"", ""count"": 509, ""share"": 0.049}, {""value"": ""integration"", ""count"": 316, ""share"": 0.0304}, {""value"": ""allocation_of_resources"", ""count"": 266, ""share"": 0.0256}, {""value"": ""asylum_procedure"", ""count"": 203, ""share"": 0.0196}, {""value"": ""returns_deportation"", ""count"": 198, ""share"": 0.0191}]","[{""value"": ""national_identity"", ""count"": 1400, ""share"": 0.1349}, {""value"": ""border_crisis"", ""count"": 1291, ""share"": 0.1244}, {""value"": ""humanitarian_obligation"", ""count"": 1015, ""share"": 0.0978}, {""value"": ""neutral_reporting"", ""count"": 905, ""share"": 0.0872}, {""value"": ""security_threat"", ""count"": 617, ""share"": 0.0594}, {""value"": ""economic_contribution"", ""count"": 565, ""share"": 0.0544}, {""value"": ""rule_of_law"", ""count"": 399, ""share"": 0.0384}, {""value"": ""economic_burden"", ""count"": 382, ""share"": 0.0368}]","[{""value"": 2016, ""count"": 3360, ""share"": 0.3237}, {""value"": 2015, ""count"": 2188, ""share"": 0.2108}, {""value"": 2017, ""count"": 1425, ""share"": 0.1373}, {""value"": 2019, ""count"": 1111, ""share"": 0.107}, {""value"": 2018, ""count"": 1037, ""share"": 0.0999}]"
SWE,11826,3160,352,124,3.2388,1.8597,11826,"[{""value"": ""TUR"", ""count"": 1022, ""share"": 0.0864}, {""value"": ""SYR"", ""count"": 572, ""share"": 0.0484}, {""value"": ""AFG"", ""count"": 449, ""share"": 0.038}, {""value"": ""DNK"", ""count"": 339, ""share"": 0.0287}, {""value"": ""UKR"", ""count"": 309, ""share"": 0.0261}, {""value"": ""DEU"", ""count"": 201, ""share"": 0.017}, {""value"": ""GRC"", ""count"": 193, ""share"": 0.0163}, {""value"": ""LBY"", ""count"": 174, ""share"": 0.0147}]","[{""value"": ""neutral_reporting"", ""count"": 6547, ""share"": 0.5536}, {""value"": ""exchange_cooperation"", ""count"": 1824, ""share"": 0.1542}, {""value"": ""learning_emulation_from"", ""count"": 1793, ""share"": 0.1516}, {""value"": ""coercion_intervention_to"", ""count"": 1566, ""share"": 0.1324}, {""value"": ""competition"", ""count"": 96, ""share"": 0.0081}]","[{""value"": ""external_transnational"", ""count"": 10380, ""share"": 0.8777}, {""value"": ""ambiguous"", ""count"": 957, ""share"": 0.0809}, {""value"": ""inbound_internal"", ""count"": 489, ""share"": 0.0413}]","[{""value"": ""general_migration"", ""count"": 6993, ""share"": 0.5913}, {""value"": ""refugees"", ""count"": 3817, ""share"": 0.3228}, {""value"": ""asylum_seekers"", ""count"": 640, ""share"": 0.0541}, {""value"": ""economic_migrants"", ""count"": 334, ""share"": 0.0282}, {""value"": ""students"", ""count"": 31, ""share"": 0.0026}, {""value"": ""high_skilled_workers"", ""count"": 11, ""share"": 0.0009}]","[{""value"": ""general_policy"", ""count"": 6182, ""share"": 0.5227}, {""value"": ""border_control"", ""count"": 1639, ""share"": 0.1386}, {""value"": ""national_security"", ""count"": 1118, ""share"": 0.0945}, {""value"": ""international_law"", ""count"": 846, ""share"": 0.0715}, {""value"": ""integration"", ""count"": 629, ""share"": 0.0532}, {""value"": ""allocation_of_resources"", ""count"": 519, ""share"": 0.0439}, {""value"": ""returns_deportation"", ""count"": 421, ""share"": 0.0356}, {""value"": ""visas_mobility"", ""count"": 280, ""share"": 0.0237}]","[{""value"": ""neutral_reporting"", ""count"": 1454, ""share"": 0.1229}, {""value"": ""border_crisis"", ""count"": 901, ""share"": 0.0762}, {""value"": ""humanitarian_obligation"", ""count"": 884, ""share"": 0.0748}, {""value"": ""economic_contribution"", ""count"": 854, ""share"": 0.0722}, {""value"": ""asylum_right"", ""count"": 770, ""share"": 0.0651}, {""value"": ""national_identity"", ""count"": 695, ""share"": 0.0588}, {""value"": ""security_threat"", ""count"": 619, ""share"": 0.0523}, {""value"": ""child_protection"", ""count"": 514, ""share"": 0.0435}]","[{""value"": 2016, ""count"": 3138, ""share"": 0.2653}, {""value"": 2017, ""count"": 1655, ""share"": 0.1399}, {""value"": 2015, ""count"": 1618, ""share"": 0.1368}, {""value"": 2021, ""count"": 1480, ""share"": 0.1251}, {""value"": 2022, ""count"": 1067, ""share"": 0.0902}]"
TUR,4786,1391,403,104,3.276,1.3586,4786,"[{""value"": ""SYR"", ""count"": 1082, ""share"": 0.2261}, {""value"": ""USA"", ""count"": 243, ""share"": 0.0508}, {""value"": ""DEU"", ""count"": 229, ""share"": 0.0478}, {""value"": ""IRQ"", ""count"": 190, ""share"": 0.0397}, {""value"": ""GRC"", ""count"": 158, ""share"": 0.033}, {""value"": ""RUS"", ""count"": 105, ""share"": 0.0219}, {""value"": ""AFG"", ""count"": 96, ""share"": 0.0201}, {""value"": ""IRN"", ""count"": 89, ""share"": 0.0186}]","[{""value"": ""neutral_reporting"", ""count"": 3110, ""share"": 0.6498}, {""value"": ""coercion_intervention_to"", ""count"": 610, ""share"": 0.1275}, {""value"": ""learning_emulation_from"", ""count"": 585, ""share"": 0.1222}, {""value"": ""exchange_cooperation"", ""count"": 426, ""share"": 0.089}, {""value"": ""competition"", ""count"": 55, ""share"": 0.0115}]","[{""value"": ""external_transnational"", ""count"": 4105, ""share"": 0.8577}, {""value"": ""inbound_internal"", ""count"": 380, ""share"": 0.0794}, {""value"": ""ambiguous"", ""count"": 300, ""share"": 0.0627}, {""value"": ""outbound_from_domestic"", ""count"": 1, ""share"": 0.0002}]","[{""value"": ""general_migration"", ""count"": 2422, ""share"": 0.5061}, {""value"": ""refugees"", ""count"": 1865, ""share"": 0.3897}, {""value"": ""asylum_seekers"", ""count"": 242, ""share"": 0.0506}, {""value"": ""economic_migrants"", ""count"": 119, ""share"": 0.0249}, {""value"": ""students"", ""count"": 117, ""share"": 0.0244}, {""value"": ""high_skilled_workers"", ""count"": 21, ""share"": 0.0044}]","[{""value"": ""general_policy"", ""count"": 2267, ""share"": 0.4737}, {""value"": ""national_security"", ""count"": 806, ""share"": 0.1684}, {""value"": ""border_control"", ""count"": 467, ""share"": 0.0976}, {""value"": ""integration"", ""count"": 370, ""share"": 0.0773}, {""value"": ""international_law"", ""count"": 328, ""share"": 0.0685}, {""value"": ""allocation_of_resources"", ""count"": 224, ""share"": 0.0468}, {""value"": ""visas_mobility"", ""count"": 153, ""share"": 0.032}, {""value"": ""returns_deportation"", ""count"": 140, ""share"": 0.0293}]","[{""value"": ""national_identity"", ""count"": 673, ""share"": 0.1406}, {""value"": ""neutral_reporting"", ""count"": 519, ""share"": 0.1084}, {""value"": ""economic_contribution"", ""count"": 320, ""share"": 0.0669}, {""value"": ""human_rights"", ""count"": 274, ""share"": 0.0573}, {""value"": ""security_threat"", ""count"": 253, ""share"": 0.0529}, {""value"": ""child_protection"", ""count"": 247, ""share"": 0.0516}, {""value"": ""border_crisis"", ""count"": 213, ""share"": 0.0445}, {""value"": ""humanitarian_obligation"", ""count"": 212, ""share"": 0.0443}]","[{""value"": 2016, ""count"": 1667, ""share"": 0.3483}, {""value"": 2020, ""count"": 660, ""share"": 0.1379}, {""value"": 2019, ""count"": 576, ""share"": 0.1204}, {""value"": 2022, ""count"": 433, ""share"": 0.0905}, {""value"": 2017, ""count"": 430, ""share"": 0.0898}]"
UKR,703,292,124,44,3.2643,2.1231,703,"[{""value"": ""RUS"", ""count"": 125, ""share"": 0.1778}, {""value"": ""POL"", ""count"": 72, ""share"": 0.1024}, {""value"": ""BLR"", ""count"": 48, ""share"": 0.0683}, {""value"": ""USA"", ""count"": 26, ""share"": 0.037}, {""value"": ""DEU"", ""count"": 23, ""share"": 0.0327}, {""value"": ""GBR"", ""count"": 13, ""share"": 0.0185}, {""value"": ""NLD"", ""count"": 12, ""share"": 0.0171}, {""value"": ""SYR"", ""count"": 11, ""share"": 0.0156}]","[{""value"": ""neutral_reporting"", ""count"": 410, ""share"": 0.5832}, {""value"": ""learning_emulation_from"", ""count"": 105, ""share"": 0.1494}, {""value"": ""coercion_intervention_to"", ""count"": 97, ""share"": 0.138}, {""value"": ""exchange_cooperation"", ""count"": 76, ""share"": 0.1081}, {""value"": ""competition"", ""count"": 15, ""share"": 0.0213}]","[{""value"": ""external_transnational"", ""count"": 648, ""share"": 0.9218}, {""value"": ""ambiguous"", ""count"": 40, ""share"": 0.0569}, {""value"": ""inbound_internal"", ""count"": 15, ""share"": 0.0213}]","[{""value"": ""general_migration"", ""count"": 574, ""share"": 0.8165}, {""value"": ""refugees"", ""count"": 63, ""share"": 0.0896}, {""value"": ""economic_migrants"", ""count"": 55, ""share"": 0.0782}, {""value"": ""high_skilled_workers"", ""count"": 7, ""share"": 0.01}, {""value"": ""students"", ""count"": 4, ""share"": 0.0057}]","[{""value"": ""general_policy"", ""count"": 211, ""share"": 0.3001}, {""value"": ""national_security"", ""count"": 134, ""share"": 0.1906}, {""value"": ""border_control"", ""count"": 131, ""share"": 0.1863}, {""value"": ""integration"", ""count"": 89, ""share"": 0.1266}, {""value"": ""visas_mobility"", ""count"": 62, ""share"": 0.0882}, {""value"": ""international_law"", ""count"": 23, ""share"": 0.0327}, {""value"": ""allocation_of_resources"", ""count"": 22, ""share"": 0.0313}, {""value"": ""returns_deportation"", ""count"": 21, ""share"": 0.0299}]","[{""value"": ""national_identity"", ""count"": 154, ""share"": 0.2191}, {""value"": ""economic_contribution"", ""count"": 70, ""share"": 0.0996}, {""value"": ""neutral_reporting"", ""count"": 66, ""share"": 0.0939}, {""value"": ""rule_of_law"", ""count"": 49, ""share"": 0.0697}, {""value"": ""humanitarian_obligation"", ""count"": 49, ""share"": 0.0697}, {""value"": ""border_crisis"", ""count"": 47, ""share"": 0.0669}, {""value"": ""security_threat"", ""count"": 35, ""share"": 0.0498}, {""value"": ""crime"", ""count"": 19, ""share"": 0.027}]","[{""value"": 2016, ""count"": 129, ""share"": 0.1835}, {""value"": 2021, ""count"": 123, ""share"": 0.175}, {""value"": 2018, ""count"": 106, ""share"": 0.1508}, {""value"": 2015, ""count"": 97, ""share"": 0.138}, {""value"": 2017, ""count"": 86, ""share"": 0.1223}]"
