source,target,n_forward,n_reverse,ratio,primary_driver,secondary_driver,confidence,rationale,evidence_spans
TUR,SYR,1082,0,1082.0,crisis_visibility,,,"The frequent mentions of Syria (SYR) by Turkey (TUR) indicate that Syria is a significant crisis site, particularly regarding immigration and stability, which drives Turkey's discourse.",
CZE,UKR,997,0,997.0,crisis_visibility,,,"The mentions show CZE frequently discussing UKR in the context of refugee arrivals and support, indicating UKR is a high-salience migration crisis site for CZE.",
NLD,SYR,997,0,997.0,crisis_visibility,,,"The frequent mentions of Syria (SYR) by NLD, particularly in the context of humanitarian and refugee crises, indicate that Syria is a high-salience migration crisis site, driving the asymmetry.",
BEL,SYR,717,0,717.0,crisis_visibility,,,"The mentions focus on the Syrian crisis, indicating that Belgium is discussing the migration issues related to Syria, while Syria does not mention Belgium in the context provided.",
CZE,TUR,690,0,690.0,crisis_visibility,,,"Czech mentions of Turkey are primarily in the context of the refugee crisis, indicating Turkey's visibility as a key player in managing migration issues for the EU.",
NLD,GBR,630,0,630.0,diaspora_or_historical_ties,,,"The mentions are related to Brexit and EU citizenship, indicating significant Dutch presence in the UK and historical ties, driving frequent discussions in NLD parliament about GBR.",
EST,UKR,599,0,599.0,diaspora_or_historical_ties,,,ESTonian emigration to UKRAINE is evident in the frequent mentions of Ukrainian migration and its impact on employment and family migration in Estonia. This suggests a significant diaspora or historical ties influencing political discourse.,
EST,RUS,597,0,597.0,diaspora_or_historical_ties,,,"EST talks extensively about RUS, mentioning issues like citizenship and security threats, indicating significant historical or diaspora ties that influence political discourse.",
BEL,GBR,590,0,590.0,crisis_visibility,,,"The mentions focus on illegal transit migrants and police cooperation, indicating a significant migration crisis involving Belgium and the UK, which explains the asymmetry.",
SWE,SYR,572,0,572.0,crisis_visibility,,,"The frequent mentions of Syria (SYR) by Sweden (SWE) are primarily due to the ongoing crisis in Syria, which has significant humanitarian and refugee impacts on Sweden.",
NLD,DEU,563,0,563.0,crisis_visibility,,,"NLD frequently mentions DEU in the context of migration crises, indicating DEU's high visibility as a site of such crises.",
SVN,DEU,561,0,561.0,EU_accession_governance,,,"The mentions focus on Slovenia's role in managing migration and its relationship with EU countries, particularly Germany, indicating concerns over EU accession and Schengen Agreement compliance.",
NOR,AFG,529,0,529.0,crisis_visibility,,,"NOR mentions AFG frequently, discussing the serious situation in Afghanistan and its impact on Norwegians, indicating a high-salience migration crisis.",
NOR,SYR,500,0,500.0,crisis_visibility,,,"Norway frequently mentions Syria in the context of the refugee crisis and air strikes, indicating Syria's visibility as a crisis site. Syria does not mention Norway, suggesting a unidirectional focus.",
ITA,LBY,486,0,486.0,EU_accession_governance,,,"The mentions focus on Italy's geopolitical interests, migration policies, and actions in Libya, indicating a relationship shaped by EU membership and governance dynamics. Libya does not mention Italy, suggesting a one-sided discourse driven by Italy's strategic and policy concerns.",
AUT,DEU,450,0,450.0,diaspora_or_historical_ties,,,"The frequent mentions of Austria in German parliament speeches suggest strong historical and cultural ties, possibly due to a significant Austrian diaspora in Germany or long-standing bilateral relations.",
SWE,AFG,449,0,449.0,diaspora_or_historical_ties,,,"SWE mentions AFG frequently due to high levels of Afghan migration, indicating strong diaspora ties. AFG does not mention SWE as it is not a significant topic for them.",
BEL,UKR,447,0,447.0,diaspora_or_historical_ties,,,"The frequent mentions of Ukraine in Belgian parliament discussions, especially regarding assistance and monitoring the war's impact, suggest a significant Ukrainian diaspora or historical ties influencing Belgian policy.",
CZE,DEU,441,0,441.0,diaspora_or_historical_ties,,,"The mentions focus on Germany's policies towards migrants and its historical labor migration practices, indicating strong historical and diaspora ties between the two countries.",
NLD,LBY,404,0,404.0,crisis_visibility,,,"NLD mentions LBY frequently in the context of migration crises, indicating LBY's visibility as a site of crisis.",
CZE,GRC,401,0,401.0,crisis_visibility,,,"The mentions are heavily skewed towards CZE talking about GRC in the context of the refugee crisis, indicating GRC's visibility as a crisis site.",
HRV,UKR,400,0,400.0,crisis_visibility,,,"HRV mentions UKR frequently due to the war in Ukraine, which affects gas prices, migration, and humanitarian efforts. UKR does not mention HRV as there are no reciprocal references.",
BEL,DEU,396,0,396.0,crisis_visibility,,,"The mentions are related to Germany's policies on refugees and borders, indicating Germany is dealing with a significant migration crisis that Belgium is discussing.",
NLD,MAR,386,0,386.0,diaspora_or_historical_ties,,,"The frequent mentions of Morocco (MAR) by NLD, using colloquial and historical references, suggest strong historical or diaspora ties between the two countries, particularly given the repeated use of 'Morocco' as a metaphor or direct reference.",
ISL,GRC,384,0,384.0,crisis_visibility,,,"ISL frequently mentions GRC, likely due to GRC being a significant site for refugee crises, which ISL parliamentarians discuss in relation to immigration policies and conditions for refugees.",
HUN,DEU,378,0,378.0,diaspora_or_historical_ties,,,"The frequent mentions of German-Hungarian connections, especially regarding immigration and political influence, suggest strong historical and diaspora ties between the two countries.",
BEL,SDN,376,0,376.0,crisis_visibility,,,"The mentions are focused on Sudan's human rights issues, particularly torture, indicating Sudan as a high-salience migration crisis site for Belgium.",
NLD,CUW,372,0,372.0,diaspora_or_historical_ties,,,"The mentions are related to Aruba and Curaçao, which are Dutch Caribbean territories with significant historical and cultural ties to the Netherlands, explaining the asymmetry.",
FIN,IRQ,371,0,371.0,diaspora_or_historical_ties,,,"The frequent mentions of Finland's involvement in Iraq, particularly regarding refugees and training missions, suggest strong historical or diaspora ties influencing Finnish discourse.",
ESP,MAR,365,0,365.0,crisis_visibility,,,The frequent mentions of Moroccan immigrants entering Spain irregularly and the tension over immigration policy indicate that Morocco is a significant and visible migration crisis site for Spain.,
GRC,USA,356,0,356.0,diaspora_or_historical_ties,,,"The frequent mentions of American cities like Chicago and Toronto, and the emphasis on Greek-American communities, indicate strong historical and diaspora ties between Greece and the USA.",
GRC,DEU,355,0,355.0,diaspora_or_historical_ties,,,"The mentions are from Greek immigrants in Germany, indicating strong historical and diaspora ties between the two countries.",
CZE,SYR,350,0,350.0,crisis_visibility,,,"The mentions are focused on Syria's refugee crisis, indicating that Syria is a high-salience migration crisis site for Czech discussions.",
GBR,LBY,349,0,349.0,crisis_visibility,,,"GBR frequently mentions LBY in the context of migration and law enforcement issues, indicating LBY's visibility as a crisis site, particularly for migration.",
POL,BLR,348,0,348.0,crisis_visibility,,,"POL talks extensively about BLR, mentioning issues like migration agreements and political disputes, indicating BLR's visibility as a crisis site.",
BEL,AFG,344,0,344.0,crisis_visibility,,,"The mentions are focused on Afghanistan's role as a country of origin for asylum seekers, indicating it is a high-salience migration crisis site.",
BEL,MAR,340,0,340.0,crisis_visibility,,,"The frequent mentions of Morocco in Belgian parliament discussions, particularly regarding migration, indicate that Morocco is a significant site for migration crises, making it highly visible in Belgian political discourse.",
SWE,DNK,339,0,339.0,diaspora_or_historical_ties,,,"The frequent mentions of Sweden (SWE) by Denmark (DNK) suggest strong historical and cultural ties, particularly given the proximity and shared labor market between the two countries.",
HRV,DEU,338,0,338.0,diaspora_or_historical_ties,,,"The mentions predominantly refer to German workers and laws in Croatia, indicating a significant German diaspora or historical ties influencing Croatian discourse.",
BEL,LBY,336,0,336.0,crisis_visibility,,,"The frequent mentions of Libya (LBY) by BEL indicate a focus on the migration crisis there, which aligns with the 'crisis_visibility' driver.",
NOR,RUS,331,0,331.0,border_proximity,,,"NORway frequently mentions RUSsia due to the shared border, which likely influences discussions on immigration and sanctions.",
NLD,AFG,317,0,317.0,crisis_visibility,,,"The mentions are focused on Afghanistan's refugee crisis, indicating it is a high-salience migration issue for the parliament.",
ISL,USA,314,0,314.0,diaspora_or_historical_ties,,,"ISL mentions USA frequently, likely due to significant Icelandic diaspora in the US and historical ties, while USA does not mention ISL, indicating minimal reciprocal interest or interaction.",
POL,GBR,314,0,314.0,historical_memory,,,"The mentions are primarily related to historical events and post-colonial labor migration, indicating a long-standing reference to historical memory and past relationships.",
SWE,UKR,309,0,309.0,EU_accession_governance,,,"Sweden discusses Ukraine's application for EU membership and support, indicating the EU accession process as a key driver of the asymmetry.",
NLD,LBN,309,0,309.0,crisis_visibility,,,"The mentions focus on Lebanon's role as a host country for refugees, indicating its visibility as a crisis site.",
NOR,UKR,295,0,295.0,crisis_visibility,,,"NORway frequently mentions UKR because of the significant refugee crisis from Ukraine, with multiple references to aid and接纳难民。UKR几乎没有提及NOR，这表明NOR在应对乌克兰危机方面发挥了重要作用，使其成为讨论焦点。",
BEL,LBN,294,0,294.0,crisis_visibility,,,"The mentions focus on refugees and camps in Lebanon, indicating a significant migration crisis involving Lebanon, which explains the asymmetry.",
ISL,DNK,293,0,293.0,diaspora_or_historical_ties,,,"The frequent mentions of Iceland (ISL) by Denmark (DNK) suggest strong historical or diaspora ties, given the detailed references to Icelandic society and policies without any corresponding mentions from Denmark.",
AUT,SYR,287,0,287.0,crisis_visibility,,,"AUT mentions SYR frequently, focusing on the Syrian crisis, indicating SYR's high salience as a migration crisis site.",
